user_id,F3,F4,F5,F6,F12,F13,F14,F15,F7,F8,F10,F11,F16,F1,F2,F9,device_securement_score,password_generation_score,proactive_awareness_score,updating_score,overall_score,overall_level,weakest_area
fake_user_1,2,3,3,3,3,4,3,4,2,4,2,2,3,3,2,3,2.75,3.5,3.0,2.67,2.98,Medium,updating
fake_user_2,3,2,2,1,4,1,3,3,4,4,3,3,4,2,3,2,2.0,2.25,2.4,2.33,2.25,Low,device_securement
fake_user_3,3,2,1,2,5,1,4,1,4,4,1,5,3,2,1,3,2.0,1.25,1.8,2.0,1.76,Low,password_generation
fake_user_4,3,2,2,3,4,2,5,2,4,4,2,4,3,1,1,2,2.5,1.75,2.2,1.33,1.95,Low,updating
fake_user_5,1,1,2,1,5,3,5,1,5,4,1,4,3,2,3,3,1.25,1.5,1.8,2.67,1.8,Low,device_securement
fake_user_6,3,4,3,3,4,3,2,4,3,2,4,2,2,3,4,4,3.25,3.25,3.8,3.67,3.49,Medium,device_securement
fake_user_7,2,3,1,1,4,3,5,3,4,4,3,4,5,2,2,3,1.75,2.25,2.0,2.33,2.08,Low,device_securement
fake_user_8,3,3,3,2,4,4,2,2,3,4,2,3,3,3,4,2,2.75,3.0,2.6,3.0,2.84,Medium,proactive_awareness
fake_user_9,1,2,3,3,5,3,4,3,4,4,1,4,3,3,2,2,2.25,2.25,2.0,2.33,2.21,Low,proactive_awareness
fake_user_10,1,1,3,1,4,2,4,3,5,4,2,3,5,2,3,1,1.5,2.25,1.8,2.0,1.89,Low,device_securement
fake_user_11,3,2,4,3,3,2,3,3,3,4,1,4,3,2,2,2,3.0,2.75,2.2,2.0,2.49,Low,updating
fake_user_12,3,3,2,1,4,2,5,2,4,3,3,4,4,1,3,3,2.25,1.75,2.4,2.33,2.18,Low,password_generation
fake_user_13,5,5,4,4,2,5,1,3,1,3,3,3,2,5,5,5,4.5,4.25,3.6,5.0,4.34,High,proactive_awareness
fake_user_14,2,3,2,3,3,2,4,3,4,4,2,5,4,1,1,3,2.5,2.5,1.8,1.67,2.12,Low,updating
fake_user_15,4,3,2,2,3,3,2,3,3,2,4,3,3,4,4,3,2.75,3.25,3.4,3.67,3.27,Medium,device_securement
fake_user_16,4,2,4,3,2,3,4,3,3,2,3,3,2,3,3,3,3.25,3.0,3.4,3.0,3.16,Medium,password_generation
fake_user_17,4,4,4,2,4,3,3,2,4,3,4,4,4,3,2,3,3.5,2.5,2.6,2.67,2.82,Medium,password_generation
fake_user_18,2,4,4,4,2,2,4,4,3,2,3,2,3,2,2,3,3.5,3.0,3.4,2.33,3.06,Medium,updating
fake_user_19,3,2,4,3,3,2,2,2,4,2,3,4,4,2,2,3,3.0,2.75,2.6,2.33,2.67,Medium,updating
fake_user_20,2,1,3,3,5,1,5,2,3,4,3,4,4,3,2,3,2.25,1.25,2.4,2.67,2.14,Low,password_generation
fake_user_21,3,4,3,5,1,4,2,4,3,1,4,2,2,2,3,3,3.75,4.25,4.0,2.67,3.67,High,updating
fake_user_22,4,4,2,3,2,2,3,3,2,2,4,4,4,3,2,4,3.25,3.0,3.2,3.0,3.11,Medium,password_generation
fake_user_23,1,1,1,2,4,2,5,1,5,5,2,5,4,1,2,1,1.25,1.5,1.4,1.33,1.37,Low,device_securement
fake_user_24,4,5,5,5,2,4,1,4,1,1,4,1,2,4,5,5,4.75,4.25,4.6,4.67,4.57,High,password_generation
fake_user_25,1,2,3,1,4,2,4,1,3,5,1,5,3,3,2,3,1.75,1.75,1.8,2.67,1.99,Low,device_securement
fake_user_26,2,2,2,1,5,1,3,1,5,4,1,5,5,2,1,2,1.75,1.5,1.2,1.67,1.53,Low,proactive_awareness
fake_user_27,3,2,2,3,3,3,4,2,4,3,4,3,2,3,2,2,2.5,2.5,3.2,2.33,2.63,Medium,updating
fake_user_28,2,2,3,2,2,4,4,4,2,3,4,4,3,3,2,3,2.25,3.5,3.2,2.67,2.91,Medium,device_securement
fake_user_29,5,4,4,4,3,4,1,4,2,2,4,2,2,3,4,3,4.25,4.0,4.0,3.33,3.9,High,updating
fake_user_30,2,3,1,2,5,2,3,2,3,5,1,4,3,1,2,2,2.0,2.0,2.0,1.67,1.92,Low,updating
fake_user_31,4,4,3,4,3,3,3,3,3,4,3,2,4,4,3,4,3.75,3.0,2.8,3.67,3.3,Medium,proactive_awareness
fake_user_32,4,3,3,4,4,3,2,3,4,3,2,2,2,4,4,2,3.5,3.0,3.0,3.33,3.21,Medium,password_generation
fake_user_33,4,3,5,5,2,3,2,4,1,1,5,1,1,4,5,4,4.25,3.75,5.0,4.33,4.33,High,password_generation
fake_user_34,3,4,5,5,1,5,2,4,3,3,5,1,1,4,4,5,4.25,4.5,4.2,4.33,4.32,High,proactive_awareness
fake_user_35,3,4,4,5,3,4,3,4,3,2,3,1,1,3,4,4,4.0,3.5,4.0,3.67,3.79,High,password_generation
fake_user_36,5,3,5,5,2,3,2,3,1,1,3,2,3,4,4,3,4.5,3.5,4.0,3.67,3.92,High,password_generation
fake_user_37,3,4,2,2,3,2,3,3,3,3,2,2,2,4,4,4,2.75,2.75,3.2,4.0,3.17,Medium,device_securement
fake_user_38,5,4,5,5,2,5,1,4,1,1,5,2,1,4,5,5,4.75,4.5,4.8,4.67,4.68,High,password_generation
fake_user_39,3,4,3,2,3,4,3,2,3,4,3,3,3,3,2,4,3.0,3.0,2.8,3.0,2.95,Medium,proactive_awareness
fake_user_40,2,2,1,3,4,1,4,2,5,4,2,3,5,3,3,2,2.0,1.75,1.8,2.67,2.06,Low,password_generation
fake_user_41,2,2,2,2,3,3,4,3,3,5,2,4,4,1,1,1,2.0,2.75,2.0,1.0,1.94,Low,updating
fake_user_42,3,4,2,3,2,3,2,4,3,4,2,3,2,3,3,3,3.0,3.75,2.8,3.0,3.14,Medium,proactive_awareness
fake_user_43,4,3,2,2,3,3,4,3,3,3,3,2,3,4,4,4,2.75,2.75,3.2,4.0,3.17,Medium,device_securement
fake_user_44,5,4,5,5,1,5,1,4,1,2,5,2,1,5,4,5,4.75,4.75,4.6,4.67,4.69,High,proactive_awareness
fake_user_45,3,4,3,4,3,4,3,4,2,2,4,2,4,3,4,4,3.5,3.5,3.6,3.67,3.57,High,device_securement
fake_user_46,3,2,3,2,3,3,5,2,3,3,3,5,4,3,3,3,2.5,2.25,2.4,3.0,2.54,Medium,password_generation
fake_user_47,1,2,1,3,4,1,5,3,4,4,2,4,5,1,2,2,1.75,1.75,1.8,1.67,1.74,Low,updating
fake_user_48,5,4,3,3,3,3,3,4,3,2,5,2,1,5,5,4,3.75,3.25,4.2,4.67,3.97,High,password_generation
fake_user_49,5,4,4,3,3,4,3,3,3,1,5,2,2,5,3,4,4.0,3.25,4.2,4.0,3.86,High,password_generation
fake_user_50,3,3,3,4,1,3,2,5,3,2,3,3,1,4,3,3,3.25,4.25,3.6,3.33,3.61,High,device_securement
fake_user_51,4,3,3,3,4,2,2,2,3,3,2,4,4,2,2,4,3.25,2.5,2.4,2.67,2.71,Medium,proactive_awareness
fake_user_52,5,4,4,5,2,5,1,5,1,2,3,2,2,3,5,5,4.5,4.75,4.0,4.33,4.39,High,proactive_awareness
fake_user_53,2,2,3,2,3,4,3,2,4,2,3,4,2,3,3,3,2.25,3.0,3.0,3.0,2.81,Medium,device_securement
fake_user_54,4,4,5,3,2,4,3,3,3,2,5,2,1,3,3,4,4.0,3.5,4.2,3.33,3.76,High,updating
fake_user_55,5,4,3,5,2,5,2,5,2,3,4,1,2,4,4,5,4.25,4.5,4.0,4.33,4.27,High,proactive_awareness
fake_user_56,2,3,3,1,5,3,4,2,5,4,1,3,3,3,3,3,2.25,2.0,2.0,3.0,2.31,Low,password_generation
fake_user_57,3,3,2,2,3,3,3,2,4,5,4,5,5,3,3,3,2.5,2.75,1.8,3.0,2.51,Medium,proactive_awareness
fake_user_58,2,4,2,4,2,4,2,4,2,1,4,3,3,3,3,4,3.0,4.0,3.8,3.33,3.53,High,device_securement
fake_user_59,5,5,5,4,1,5,1,5,2,1,5,2,2,5,4,4,4.75,5.0,4.4,4.33,4.62,High,updating
fake_user_60,3,4,3,3,4,2,4,3,4,3,3,3,3,3,1,3,3.25,2.25,2.8,2.33,2.66,Medium,password_generation
fake_user_61,4,2,4,4,4,2,2,2,3,3,4,3,2,2,3,2,3.5,2.5,3.4,2.33,2.93,Medium,updating
fake_user_62,4,2,3,3,2,2,4,3,4,3,3,4,3,3,2,4,3.0,2.75,2.6,3.0,2.84,Medium,proactive_awareness
fake_user_63,4,5,3,3,2,3,3,3,1,2,3,2,3,3,3,4,3.75,3.25,3.8,3.33,3.53,High,password_generation
fake_user_64,4,5,3,4,3,5,1,3,3,3,5,3,3,5,5,4,4.0,4.0,3.4,4.67,4.02,High,proactive_awareness
fake_user_65,1,2,2,1,4,3,4,2,5,5,2,3,4,2,1,1,1.5,2.25,1.8,1.33,1.72,Low,updating
fake_user_66,4,3,3,4,4,2,2,3,3,2,4,3,3,4,3,4,3.5,2.75,3.4,3.67,3.33,Medium,password_generation
fake_user_67,1,2,1,1,4,2,4,3,3,4,2,4,4,1,1,3,1.25,2.25,2.2,1.67,1.84,Low,device_securement
fake_user_68,3,2,3,2,4,1,5,2,4,4,2,4,4,3,1,1,2.5,1.5,2.0,1.67,1.92,Low,password_generation
fake_user_69,4,4,3,2,4,2,2,2,4,2,2,3,4,4,4,3,3.25,2.5,2.6,3.67,3.0,Medium,password_generation
fake_user_70,3,2,3,4,2,2,2,4,4,3,3,3,3,5,4,3,3.0,3.5,2.8,4.0,3.33,Medium,proactive_awareness
fake_user_71,2,1,1,1,4,1,5,2,4,4,2,5,5,2,2,2,1.25,1.5,1.6,2.0,1.59,Low,device_securement
fake_user_72,4,4,3,4,2,4,2,4,3,4,3,2,2,5,4,3,3.75,4.0,3.2,4.0,3.74,High,proactive_awareness
fake_user_73,5,3,5,5,1,5,1,5,1,1,5,1,2,3,5,4,4.5,5.0,4.8,4.0,4.58,High,updating
fake_user_74,3,4,3,2,4,3,4,2,4,4,2,4,4,3,2,1,3.0,2.25,2.0,2.0,2.31,Low,proactive_awareness
fake_user_75,2,1,3,1,4,2,4,3,4,3,2,4,3,3,3,2,1.75,2.25,2.4,2.67,2.27,Low,device_securement
fake_user_76,1,2,3,3,4,1,4,2,3,5,1,3,5,3,3,3,2.25,1.75,1.8,3.0,2.2,Low,password_generation
fake_user_77,4,3,3,5,3,5,3,3,2,2,3,2,3,4,5,3,3.75,3.5,3.6,4.0,3.71,High,password_generation
fake_user_78,2,4,4,3,4,2,3,3,3,3,2,3,3,2,3,3,3.25,2.5,2.8,2.67,2.8,Medium,password_generation
fake_user_79,3,4,2,2,3,2,2,3,3,4,2,3,4,3,4,4,2.75,3.0,2.4,3.67,2.96,Medium,proactive_awareness
fake_user_80,2,1,2,1,5,1,5,2,4,5,1,5,4,2,2,3,1.5,1.25,1.4,2.33,1.62,Low,password_generation
fake_user_81,4,2,4,4,2,4,3,3,4,2,2,4,2,3,4,3,3.5,3.5,2.8,3.33,3.28,Medium,proactive_awareness
fake_user_82,2,3,2,3,3,3,3,2,2,3,2,3,4,2,3,1,2.5,2.75,2.8,2.0,2.51,Medium,updating
fake_user_83,2,2,1,2,5,1,5,1,3,3,1,4,4,2,3,2,1.75,1.0,2.2,2.33,1.82,Low,password_generation
fake_user_84,3,2,2,2,4,2,3,2,4,5,1,5,5,1,3,3,2.25,2.25,1.2,2.33,2.01,Low,proactive_awareness
fake_user_85,4,3,4,4,3,3,2,3,2,4,3,1,4,4,5,3,3.75,3.25,3.2,4.0,3.55,High,proactive_awareness
fake_user_86,3,5,4,4,2,5,1,3,1,3,5,1,3,4,4,5,4.0,4.25,4.2,4.33,4.2,High,device_securement
fake_user_87,3,1,3,2,4,1,3,3,5,3,3,4,5,3,2,3,2.25,2.25,2.0,2.67,2.29,Low,proactive_awareness
fake_user_88,3,3,5,3,1,5,2,3,1,2,4,3,2,3,4,3,3.5,4.25,4.0,3.33,3.77,High,updating
fake_user_89,5,5,4,5,3,3,2,4,3,3,5,2,1,4,5,4,4.75,3.5,4.0,4.33,4.14,High,password_generation
fake_user_90,2,2,4,2,4,2,4,3,3,3,3,3,4,4,4,3,2.5,2.25,2.8,3.67,2.8,Medium,password_generation
fake_user_91,4,3,3,2,4,2,4,4,3,3,3,4,4,2,3,4,3.0,2.5,2.6,3.0,2.77,Medium,password_generation
fake_user_92,1,2,2,2,3,4,3,2,3,2,4,3,4,2,3,4,1.75,3.0,3.2,3.0,2.74,Medium,device_securement
fake_user_93,4,3,4,3,2,4,1,4,3,4,3,2,4,4,2,4,3.5,4.25,2.8,3.33,3.47,Medium,proactive_awareness
fake_user_94,5,5,4,5,1,5,3,4,1,1,5,3,1,5,3,5,4.75,4.25,4.6,4.33,4.48,High,password_generation
fake_user_95,5,4,5,4,2,5,1,4,1,1,5,1,1,5,5,5,4.5,4.5,5.0,5.0,4.75,High,device_securement
fake_user_96,3,3,4,4,2,4,3,3,2,4,4,3,4,3,3,3,3.5,3.5,3.0,3.0,3.25,Medium,proactive_awareness
fake_user_97,4,4,5,3,3,4,3,4,2,3,3,3,3,3,4,3,4.0,3.5,3.2,3.33,3.51,High,proactive_awareness
fake_user_98,4,4,3,5,1,5,1,5,2,1,5,1,2,5,5,5,4.0,5.0,4.6,5.0,4.65,High,device_securement
fake_user_99,3,5,4,4,3,3,3,4,1,3,5,3,2,5,5,3,4.0,3.25,4.0,4.33,3.9,High,password_generation
fake_user_100,1,1,2,2,5,2,3,1,5,3,1,4,5,2,3,2,1.5,1.75,1.6,2.33,1.79,Low,device_securement
fake_user_101,5,5,5,5,1,4,1,4,1,2,4,1,1,5,4,4,5.0,4.5,4.6,4.33,4.61,High,updating
fake_user_102,1,1,2,2,5,1,4,1,4,5,2,4,5,1,2,1,1.5,1.25,1.6,1.33,1.42,Low,password_generation
fake_user_103,2,2,3,3,5,3,4,1,4,3,2,5,4,3,1,2,2.5,1.75,2.0,2.0,2.06,Low,password_generation
fake_user_104,5,3,3,5,2,5,2,4,3,1,5,1,3,3,4,3,4.0,4.25,4.2,3.33,3.95,High,updating
fake_user_105,4,3,5,4,2,5,2,4,2,3,5,2,2,4,3,4,4.0,4.25,4.0,3.67,3.98,High,updating
fake_user_106,1,2,3,2,5,2,4,3,3,4,2,4,4,2,3,1,2.0,2.0,2.2,2.0,2.05,Low,device_securement
fake_user_107,3,2,4,3,4,4,3,3,2,2,2,3,3,2,2,4,3.0,3.0,3.2,2.67,2.97,Medium,updating
fake_user_108,1,1,2,1,5,1,4,1,4,5,1,4,4,1,2,1,1.25,1.25,1.6,1.33,1.36,Low,device_securement
fake_user_109,3,4,2,4,3,4,4,3,4,3,2,3,3,3,2,2,3.25,3.0,2.6,2.33,2.79,Medium,updating
fake_user_110,3,3,3,5,1,5,2,5,2,2,3,3,1,5,4,5,3.5,4.75,3.8,4.67,4.18,High,device_securement
fake_user_111,3,5,4,3,2,3,2,5,1,2,4,3,1,3,5,4,3.75,4.0,4.2,4.0,3.99,High,device_securement
fake_user_112,3,4,3,3,2,4,1,3,2,3,4,2,3,4,5,3,3.25,4.0,3.6,4.0,3.71,High,device_securement
fake_user_113,5,4,4,5,3,4,1,4,2,1,3,1,1,5,4,4,4.5,4.0,4.4,4.33,4.31,High,password_generation
fake_user_114,2,2,3,3,5,3,4,3,5,3,1,3,3,3,1,2,2.5,2.25,2.2,2.0,2.24,Low,updating
fake_user_115,3,3,4,3,4,2,3,4,3,4,2,4,2,3,2,2,3.25,2.75,2.6,2.33,2.73,Medium,updating
fake_user_116,2,2,2,2,5,1,5,2,5,4,2,5,5,2,1,2,2.0,1.25,1.4,1.67,1.58,Low,password_generation
fake_user_117,4,3,5,5,3,4,3,3,1,3,4,3,3,3,4,3,4.25,3.25,3.6,3.33,3.61,High,password_generation
fake_user_118,4,4,3,4,3,4,3,4,4,4,2,2,2,2,3,3,3.75,3.5,2.8,2.67,3.18,Medium,updating
fake_user_119,1,1,1,1,5,1,4,2,4,5,2,4,4,2,1,2,1.0,1.5,1.8,1.67,1.49,Low,device_securement
fake_user_120,3,3,2,3,3,2,3,3,4,3,1,5,4,3,2,1,2.75,2.75,1.8,2.0,2.33,Low,proactive_awareness
fake_user_121,3,3,3,3,3,4,3,3,2,4,3,3,2,3,3,3,3.0,3.25,3.2,3.0,3.11,Medium,device_securement
fake_user_122,2,3,3,3,3,3,3,1,3,5,2,5,5,3,1,2,2.75,2.5,1.6,2.0,2.21,Low,proactive_awareness
fake_user_123,1,1,2,3,3,2,4,1,5,5,1,5,4,3,1,2,1.75,2.0,1.2,2.0,1.74,Low,proactive_awareness
fake_user_124,1,1,1,1,4,2,5,2,5,5,3,5,4,1,2,3,1.0,1.75,1.6,2.0,1.59,Low,device_securement
fake_user_125,3,3,3,4,2,3,3,4,3,3,2,2,3,3,2,4,3.25,3.5,3.0,3.0,3.19,Medium,proactive_awareness
fake_user_126,4,2,4,3,3,2,4,2,3,3,2,2,3,4,4,4,3.25,2.25,3.0,4.0,3.12,Medium,password_generation
fake_user_127,3,2,2,3,2,5,2,4,2,4,2,2,2,4,2,2,2.5,4.25,3.2,2.67,3.16,Medium,device_securement
fake_user_128,1,2,2,1,3,1,4,3,5,5,2,4,3,1,3,2,1.5,2.25,1.8,2.0,1.89,Low,device_securement
fake_user_129,3,3,4,3,4,3,3,2,2,3,3,4,2,4,4,4,3.25,2.5,3.2,4.0,3.24,Medium,password_generation
fake_user_130,4,4,4,3,4,2,4,3,4,3,2,3,3,2,2,3,3.75,2.25,2.6,2.33,2.73,Medium,password_generation
fake_user_131,4,4,3,5,1,5,1,4,3,1,4,3,3,3,4,4,4.0,4.75,3.6,3.67,4.0,High,proactive_awareness
fake_user_132,2,4,3,4,2,3,4,2,3,3,3,3,2,3,2,4,3.25,2.75,3.2,3.0,3.05,Medium,password_generation
fake_user_133,2,2,3,2,3,2,4,2,4,4,2,3,5,3,3,3,2.25,2.25,2.0,3.0,2.38,Low,proactive_awareness
fake_user_134,2,2,3,2,5,3,4,2,3,3,3,4,4,1,1,2,2.25,2.0,2.6,1.33,2.04,Low,updating
fake_user_135,2,2,3,1,4,1,5,2,5,4,1,5,3,2,2,3,2.0,1.5,1.6,2.33,1.86,Low,password_generation
fake_user_136,3,3,3,2,4,2,4,3,4,5,4,4,5,3,3,3,2.75,2.25,2.0,3.0,2.5,Medium,proactive_awareness
fake_user_137,3,3,3,3,4,1,4,2,5,3,3,4,3,3,2,2,3.0,1.75,2.4,2.33,2.37,Low,password_generation
fake_user_138,3,2,4,4,3,4,4,3,2,3,3,4,4,4,2,2,3.25,3.0,2.8,2.67,2.93,Medium,updating
fake_user_139,3,3,3,3,3,3,3,3,4,2,3,4,2,4,4,3,3.0,3.0,3.0,3.67,3.17,Medium,device_securement
fake_user_140,4,3,3,4,2,4,2,4,4,4,3,2,1,4,3,4,3.5,4.0,3.2,3.67,3.59,High,proactive_awareness
fake_user_141,2,2,3,1,3,2,4,3,4,5,2,3,3,3,2,3,2.0,2.5,2.2,2.67,2.34,Low,device_securement
fake_user_142,2,3,3,3,2,2,3,3,3,3,2,3,3,2,3,2,2.75,3.0,2.8,2.33,2.72,Medium,updating
fake_user_143,5,5,5,4,1,5,1,4,1,1,4,1,2,5,3,5,4.75,4.75,4.6,4.33,4.61,High,updating
fake_user_144,2,3,3,4,2,2,2,3,3,4,4,2,2,4,3,3,3.0,3.25,3.4,3.33,3.25,Medium,device_securement
fake_user_145,3,3,3,2,3,3,4,2,4,4,1,4,2,2,3,2,2.75,2.5,2.2,2.33,2.45,Low,proactive_awareness
fake_user_146,5,4,5,4,3,5,1,4,1,2,3,2,1,5,4,5,4.5,4.25,4.2,4.67,4.41,High,proactive_awareness
fake_user_147,2,1,2,1,5,1,5,2,5,4,1,4,3,1,2,2,1.5,1.25,1.8,1.67,1.55,Low,password_generation
fake_user_148,4,4,4,3,2,4,2,3,2,3,2,2,2,3,4,4,3.75,3.75,3.4,3.67,3.64,High,proactive_awareness
fake_user_149,4,3,5,5,1,5,1,5,1,1,4,2,1,3,4,4,4.25,5.0,4.6,3.67,4.38,High,updating
fake_user_150,3,3,3,3,3,3,3,4,3,4,4,3,3,3,4,3,3.0,3.25,3.0,3.33,3.15,Medium,device_securement
fake_user_151,2,1,1,3,3,1,4,2,4,4,3,3,4,1,2,3,1.75,2.0,2.4,2.0,2.04,Low,device_securement
fake_user_152,2,4,2,2,3,3,3,3,4,4,3,4,4,2,3,2,2.5,3.0,2.2,2.33,2.51,Medium,proactive_awareness
fake_user_153,3,3,4,3,2,4,3,4,1,3,2,3,2,3,2,3,3.25,3.75,3.4,2.67,3.27,Medium,updating
fake_user_154,3,4,3,4,2,4,3,2,4,3,4,3,3,3,4,3,3.5,3.25,3.0,3.33,3.27,Medium,proactive_awareness
fake_user_155,3,3,2,2,4,2,3,4,3,4,3,3,4,3,3,2,2.5,2.75,2.6,2.67,2.63,Medium,device_securement
fake_user_156,1,2,3,2,3,2,3,2,5,5,2,3,4,3,2,1,2.0,2.5,1.8,2.0,2.08,Low,proactive_awareness
fake_user_157,5,4,5,4,1,5,2,4,3,1,3,2,3,3,5,5,4.5,4.5,3.6,4.33,4.23,High,proactive_awareness
fake_user_158,1,2,3,3,4,1,5,1,5,4,3,4,4,1,1,2,2.25,1.25,2.0,1.33,1.71,Low,password_generation
fake_user_159,2,2,2,3,3,1,2,2,3,3,2,4,4,4,2,2,2.25,2.5,2.4,2.67,2.46,Low,device_securement
fake_user_160,2,3,3,2,4,2,3,2,3,2,4,3,4,3,3,3,2.5,2.25,3.2,3.0,2.74,Medium,password_generation
fake_user_161,3,2,1,3,4,2,3,3,5,3,2,4,3,2,2,2,2.25,2.5,2.2,2.0,2.24,Low,updating
fake_user_162,4,2,3,4,3,3,1,3,3,2,4,2,2,3,4,3,3.25,3.5,3.8,3.33,3.47,Medium,device_securement
fake_user_163,2,3,2,3,4,1,4,2,4,3,3,4,4,3,3,3,2.5,1.75,2.4,3.0,2.41,Low,password_generation
fake_user_164,1,1,2,1,5,1,5,1,5,5,2,5,3,1,1,1,1.25,1.0,1.6,1.0,1.21,Low,password_generation
fake_user_165,2,4,4,2,3,2,4,3,2,2,2,4,2,2,3,2,3.0,2.5,3.2,2.33,2.76,Medium,updating
fake_user_166,3,3,3,3,2,5,1,4,3,1,4,2,3,4,3,5,3.0,4.5,3.8,4.0,3.83,High,device_securement
fake_user_167,4,3,3,2,4,4,1,4,2,3,3,3,2,4,3,3,3.0,3.75,3.4,3.33,3.37,Medium,device_securement
fake_user_168,3,4,4,3,1,4,1,4,2,1,3,3,3,3,5,5,3.5,4.5,3.6,4.33,3.98,High,device_securement
fake_user_169,2,3,4,4,4,3,3,2,3,3,3,4,2,2,4,4,3.25,2.5,3.0,3.33,3.02,Medium,password_generation
fake_user_170,2,3,3,3,2,2,4,4,3,2,2,4,3,3,4,3,2.75,3.0,2.8,3.33,2.97,Medium,device_securement
fake_user_171,2,2,4,2,4,3,2,3,4,2,2,2,4,2,3,2,2.5,3.0,2.8,2.33,2.66,Medium,updating
fake_user_172,3,4,4,3,3,4,2,3,2,3,2,2,3,3,4,3,3.5,3.5,3.2,3.33,3.38,Medium,proactive_awareness
fake_user_173,3,2,2,3,3,3,4,2,2,3,2,3,3,3,4,2,2.5,2.5,3.0,3.0,2.75,Medium,device_securement
fake_user_174,1,3,3,1,4,4,4,2,5,4,2,3,5,2,3,1,2.0,2.5,1.8,2.0,2.08,Low,proactive_awareness
fake_user_175,3,3,2,2,4,2,2,3,2,4,2,3,4,2,4,2,2.5,2.75,2.6,2.67,2.63,Medium,device_securement
fake_user_176,2,4,4,4,3,3,2,3,4,4,3,3,2,2,3,4,3.5,3.25,2.8,3.0,3.14,Medium,proactive_awareness
fake_user_177,2,2,1,3,5,3,4,2,4,4,2,5,4,3,2,3,2.0,2.0,1.8,2.67,2.12,Low,proactive_awareness
fake_user_178,4,3,3,4,3,3,3,2,2,3,4,3,3,2,4,2,3.5,2.75,3.4,2.67,3.08,Medium,updating
fake_user_179,4,3,5,4,1,4,1,3,1,1,5,1,2,4,5,5,4.0,4.25,4.8,4.67,4.43,High,device_securement
fake_user_180,5,4,4,4,1,5,1,5,2,1,4,1,1,5,4,5,4.25,5.0,4.6,4.67,4.63,High,device_securement
fake_user_181,2,3,2,3,4,1,3,2,3,4,3,5,4,2,3,3,2.5,2.0,2.2,2.67,2.34,Low,password_generation
fake_user_182,3,5,3,3,2,4,2,4,3,3,4,3,3,4,3,3,3.5,4.0,3.2,3.33,3.51,High,proactive_awareness
fake_user_183,2,2,3,4,5,2,3,2,3,4,2,3,2,2,2,4,2.75,2.0,2.8,2.67,2.55,Medium,password_generation
fake_user_184,3,1,1,2,4,2,5,1,5,4,1,5,3,1,1,1,1.75,1.5,1.6,1.0,1.46,Low,updating
fake_user_185,2,2,2,3,4,1,5,1,3,3,1,4,4,2,1,2,2.25,1.25,2.2,1.67,1.84,Low,password_generation
fake_user_186,5,4,3,5,1,4,1,4,3,1,5,2,1,4,5,5,4.25,4.5,4.4,4.67,4.46,High,device_securement
fake_user_187,4,4,4,3,2,5,3,5,3,1,3,2,3,3,3,4,3.75,4.25,3.6,3.33,3.73,High,updating
fake_user_188,3,3,2,1,5,1,3,3,2,3,4,4,3,2,3,3,2.25,2.0,3.2,2.67,2.53,Medium,password_generation
fake_user_189,3,3,2,1,3,3,5,1,5,3,2,5,5,1,1,1,2.25,2.0,1.6,1.0,1.71,Low,updating
fake_user_190,3,3,4,4,3,4,3,3,2,1,3,2,3,3,3,4,3.5,3.25,3.8,3.33,3.47,Medium,password_generation
fake_user_191,3,1,2,2,4,3,3,3,3,4,3,3,2,3,1,3,2.0,2.75,3.0,2.33,2.52,Medium,device_securement
fake_user_192,2,1,2,2,5,3,5,3,4,3,2,4,4,3,2,3,1.75,2.0,2.2,2.67,2.16,Low,device_securement
fake_user_193,3,5,3,5,1,5,2,5,3,2,5,2,2,4,4,4,4.0,4.75,4.0,4.0,4.19,High,device_securement
fake_user_194,2,2,3,3,4,2,3,3,3,2,2,4,3,3,3,2,2.5,2.5,2.8,2.67,2.62,Medium,device_securement
fake_user_195,3,1,3,1,4,1,4,1,4,5,2,4,3,1,1,1,2.0,1.5,2.0,1.0,1.62,Low,updating
fake_user_196,3,3,4,4,3,3,3,4,3,3,2,4,3,3,3,3,3.5,3.25,2.6,3.0,3.09,Medium,proactive_awareness
fake_user_197,4,4,4,4,2,5,2,4,1,2,5,1,1,4,5,5,4.0,4.25,4.8,4.67,4.43,High,device_securement
fake_user_198,3,2,2,3,4,2,3,3,3,4,3,4,3,2,3,3,2.5,2.5,2.6,2.67,2.57,Medium,device_securement
fake_user_199,5,4,3,5,2,4,3,5,3,2,3,2,2,3,3,4,4.25,4.0,3.6,3.33,3.79,High,updating
fake_user_200,3,4,4,5,3,5,1,5,1,1,5,3,3,4,4,4,4.0,4.5,4.2,4.0,4.17,High,device_securement
fake_user_201,2,4,4,4,3,3,2,3,4,4,3,2,3,4,3,3,3.5,3.25,2.8,3.33,3.22,Medium,proactive_awareness
fake_user_202,4,5,5,5,1,5,2,4,1,1,5,1,1,5,4,5,4.75,4.5,5.0,4.67,4.73,High,password_generation
fake_user_203,4,3,5,5,3,3,1,4,2,2,5,1,2,4,3,5,4.25,3.75,4.4,4.0,4.1,High,password_generation
fake_user_204,3,4,5,4,2,4,1,5,3,2,4,2,3,3,4,3,4.0,4.5,3.6,3.33,3.86,High,updating
fake_user_205,5,5,3,5,3,4,1,3,1,2,4,3,2,5,5,5,4.5,3.75,4.0,5.0,4.31,High,password_generation
fake_user_206,5,3,5,4,2,5,1,4,3,3,3,2,1,3,5,4,4.25,4.5,3.6,4.0,4.09,High,proactive_awareness
fake_user_207,2,3,3,3,4,2,4,2,4,4,3,4,4,3,2,2,2.75,2.0,2.2,2.33,2.32,Low,password_generation
fake_user_208,5,5,5,5,2,4,1,3,3,2,5,2,2,3,5,5,5.0,4.0,4.0,4.33,4.33,High,password_generation
fake_user_209,4,4,5,4,1,5,2,4,2,2,5,1,1,5,4,4,4.25,4.5,4.6,4.33,4.42,High,device_securement
fake_user_210,2,2,2,2,3,3,3,2,4,4,2,3,4,3,2,2,2.0,2.75,2.2,2.33,2.32,Low,device_securement
fake_user_211,4,4,4,4,2,4,2,5,2,1,3,1,1,4,4,5,4.0,4.25,4.4,4.33,4.25,High,device_securement
fake_user_212,3,2,1,1,4,3,3,2,3,3,2,3,3,3,2,2,1.75,2.5,2.8,2.33,2.34,Low,device_securement
fake_user_213,2,3,2,3,4,2,3,3,3,5,2,3,3,2,2,2,2.5,2.5,2.4,2.0,2.35,Low,updating
fake_user_214,3,4,2,3,4,3,2,2,3,2,2,3,2,2,3,4,3.0,2.75,3.2,3.0,2.99,Medium,password_generation
fake_user_215,4,5,3,3,3,4,2,4,2,2,4,2,2,5,4,5,3.75,3.75,4.0,4.67,4.04,High,device_securement
fake_user_216,4,3,3,5,3,4,2,4,1,2,3,3,1,5,4,5,3.75,3.75,4.0,4.67,4.04,High,device_securement
fake_user_217,5,5,4,5,1,4,1,5,2,1,5,2,1,5,4,5,4.75,4.75,4.6,4.67,4.69,High,proactive_awareness
fake_user_218,1,3,2,2,3,2,4,2,3,4,2,3,4,2,2,2,2.0,2.25,2.4,2.0,2.16,Low,device_securement
fake_user_219,5,5,4,4,2,5,1,4,1,2,5,3,2,5,4,4,4.5,4.5,4.2,4.33,4.38,High,proactive_awareness
fake_user_220,1,3,3,2,4,3,4,1,4,3,2,5,5,1,3,3,2.25,2.0,1.8,2.33,2.1,Low,proactive_awareness
fake_user_221,1,1,2,2,5,3,4,1,5,3,1,4,4,2,2,3,1.5,1.75,1.8,2.33,1.84,Low,device_securement
fake_user_222,3,3,4,3,3,5,2,5,1,2,4,1,1,5,4,5,3.25,4.25,4.6,4.67,4.19,High,device_securement
fake_user_223,2,2,3,3,4,2,4,2,4,5,3,4,3,2,2,3,2.5,2.0,2.2,2.33,2.26,Low,password_generation
fake_user_224,3,2,2,2,2,2,4,2,3,3,2,5,4,2,2,2,2.25,2.5,2.2,2.0,2.24,Low,updating
fake_user_225,2,2,2,1,4,3,3,3,5,4,2,4,3,1,2,3,1.75,2.75,2.0,2.0,2.12,Low,device_securement
fake_user_226,5,4,3,5,1,4,1,3,2,1,5,1,1,5,5,5,4.25,4.25,4.8,5.0,4.58,High,device_securement
fake_user_227,2,3,4,2,4,3,3,2,2,3,4,4,3,4,3,2,2.75,2.5,3.2,3.0,2.86,Medium,password_generation
fake_user_228,3,1,1,2,4,1,5,1,5,5,2,5,4,1,2,1,1.75,1.25,1.4,1.33,1.43,Low,password_generation
fake_user_229,5,3,4,3,3,3,2,4,3,1,3,2,2,2,4,3,3.75,3.5,3.8,3.0,3.51,High,updating
fake_user_230,4,5,4,3,1,5,2,5,2,1,5,2,2,5,4,3,4.0,4.75,4.4,4.0,4.29,High,device_securement
fake_user_231,2,3,4,4,3,3,3,2,2,4,2,2,3,4,3,3,3.25,2.75,3.0,3.33,3.08,Medium,password_generation
fake_user_232,1,2,2,3,3,3,5,1,5,3,2,3,3,2,1,2,2.0,2.0,2.4,1.67,2.02,Low,updating
fake_user_233,1,1,2,2,5,1,4,2,5,5,2,5,3,2,3,3,1.5,1.5,1.6,2.67,1.82,Low,device_securement
fake_user_234,5,4,4,3,3,5,3,3,3,2,3,1,2,4,4,4,4.0,3.5,3.8,4.0,3.83,High,password_generation
fake_user_235,1,3,2,2,3,2,3,2,3,4,3,4,4,3,1,3,2.0,2.5,2.4,2.33,2.31,Low,device_securement
fake_user_236,4,4,2,3,2,2,3,4,2,3,4,2,3,3,3,4,3.25,3.25,3.6,3.33,3.36,Medium,device_securement
fake_user_237,2,2,3,3,3,2,4,2,3,3,3,4,4,3,3,3,2.5,2.25,2.6,3.0,2.59,Medium,password_generation
fake_user_238,2,2,2,2,5,2,3,3,4,4,2,5,3,1,2,2,2.0,2.25,2.0,1.67,1.98,Low,updating
fake_user_239,5,4,4,3,1,5,2,3,2,3,4,2,3,5,4,5,4.0,4.25,3.6,4.67,4.13,High,proactive_awareness
fake_user_240,4,4,5,5,2,4,2,5,3,2,4,2,1,3,5,5,4.5,4.25,4.0,4.33,4.27,High,proactive_awareness
fake_user_241,2,4,3,4,3,2,3,2,3,2,4,3,2,4,2,2,3.25,2.5,3.6,2.67,3.0,Medium,password_generation
fake_user_242,4,4,5,3,2,5,2,5,2,3,4,1,3,5,5,5,4.0,4.5,3.8,5.0,4.33,High,proactive_awareness
fake_user_243,3,4,5,3,3,3,2,4,3,2,3,2,3,4,4,3,3.75,3.5,3.4,3.67,3.58,High,proactive_awareness
fake_user_244,3,2,3,2,4,2,4,2,5,4,2,5,3,2,3,3,2.5,2.0,1.8,2.67,2.24,Low,proactive_awareness
fake_user_245,3,5,5,3,1,3,1,4,2,3,4,2,3,3,3,4,4.0,4.25,3.6,3.33,3.79,High,updating
fake_user_246,3,4,5,4,3,3,1,5,2,3,5,2,1,5,4,4,4.0,4.0,4.2,4.33,4.13,High,device_securement
fake_user_247,3,2,2,2,4,3,4,2,5,5,2,4,3,2,3,2,2.25,2.25,1.8,2.33,2.16,Low,proactive_awareness
fake_user_248,3,3,3,3,2,3,2,2,3,2,3,3,2,3,2,3,3.0,3.25,3.4,2.67,3.08,Medium,updating
fake_user_249,5,5,4,5,1,4,2,5,1,1,5,1,1,5,5,4,4.75,4.5,5.0,4.67,4.73,High,password_generation
fake_user_250,4,3,4,3,2,3,3,3,2,3,3,4,3,4,4,5,3.5,3.25,3.0,4.33,3.52,High,proactive_awareness
fake_user_251,3,4,3,4,3,4,4,3,2,2,4,3,3,3,3,2,3.5,3.0,3.6,2.67,3.19,Medium,updating
fake_user_252,3,2,2,2,3,2,4,4,2,3,4,3,4,3,2,3,2.25,2.75,3.2,2.67,2.72,Medium,device_securement
fake_user_253,1,1,3,1,4,2,4,2,4,4,2,5,3,1,2,1,1.5,2.0,2.0,1.33,1.71,Low,updating
fake_user_254,3,4,3,4,3,2,4,3,3,3,3,2,2,3,4,2,3.5,2.5,3.4,3.0,3.1,Medium,password_generation
fake_user_255,2,2,4,2,3,2,2,3,4,4,1,4,3,2,4,3,2.5,3.0,2.0,3.0,2.62,Medium,proactive_awareness
fake_user_256,2,2,4,4,3,3,2,2,2,3,4,2,3,4,4,3,3.0,3.0,3.6,3.67,3.32,Medium,device_securement
fake_user_257,4,4,2,3,2,3,3,3,4,3,2,2,2,2,2,2,3.25,3.25,3.0,2.0,2.88,Medium,updating
fake_user_258,2,2,1,2,5,1,3,1,5,5,3,3,5,1,1,2,1.75,1.5,1.8,1.33,1.59,Low,updating
fake_user_259,3,4,4,4,3,4,2,2,2,2,3,3,2,3,3,3,3.75,3.25,3.6,3.0,3.4,Medium,updating
fake_user_260,5,3,4,3,2,3,2,4,3,3,4,2,1,3,4,5,3.75,3.75,3.8,4.0,3.83,High,device_securement
fake_user_261,4,4,4,2,3,2,2,3,2,2,2,2,4,2,4,2,3.5,3.0,3.2,2.67,3.09,Medium,updating
fake_user_262,3,3,4,3,3,4,2,4,3,3,3,3,3,4,3,4,3.25,3.75,3.0,3.67,3.42,Medium,proactive_awareness
fake_user_263,2,2,4,3,3,3,3,3,4,2,2,3,4,4,4,4,2.75,3.0,2.6,4.0,3.09,Medium,proactive_awareness
fake_user_264,4,4,2,3,4,2,3,2,3,2,4,3,4,3,4,2,3.25,2.25,3.2,3.0,2.92,Medium,password_generation
fake_user_265,3,3,3,2,2,4,2,3,4,4,2,2,4,3,2,3,2.75,3.75,2.4,2.67,2.89,Medium,proactive_awareness
fake_user_266,5,3,5,4,2,4,1,4,1,1,5,2,1,5,5,5,4.25,4.25,4.8,5.0,4.58,High,device_securement
fake_user_267,2,1,2,3,5,2,5,1,5,5,1,3,5,3,2,3,2.0,1.25,1.4,2.67,1.83,Low,password_generation
fake_user_268,2,4,2,2,3,3,3,4,3,4,2,4,5,3,4,3,2.5,3.25,2.0,3.33,2.77,Medium,proactive_awareness
fake_user_269,1,2,2,3,3,3,3,1,3,5,3,4,4,3,1,3,2.0,2.5,2.2,2.33,2.26,Low,device_securement
fake_user_270,5,4,3,5,3,5,2,4,2,2,5,1,2,5,5,4,4.25,4.0,4.4,4.67,4.33,High,password_generation
fake_user_271,5,5,3,4,3,5,2,5,2,3,4,3,1,3,4,3,4.25,4.25,3.8,3.33,3.91,High,updating
fake_user_272,3,2,2,2,2,2,4,4,3,3,3,3,3,2,2,3,2.25,3.0,3.0,2.33,2.65,Medium,device_securement
fake_user_273,3,3,3,3,3,3,4,4,2,2,4,4,3,3,3,2,3.0,3.0,3.4,2.67,3.02,Medium,updating
fake_user_274,3,2,4,3,3,3,4,4,3,4,2,4,2,4,4,3,3.0,3.0,2.6,3.67,3.07,Medium,proactive_awareness
fake_user_275,3,4,4,2,3,4,3,4,3,2,3,3,3,2,2,4,3.25,3.5,3.2,2.67,3.16,Medium,updating
fake_user_276,4,4,5,5,3,5,1,4,1,3,3,1,3,4,4,5,4.5,4.25,3.8,4.33,4.22,High,proactive_awareness
fake_user_277,3,2,2,2,4,3,3,3,3,3,2,4,4,3,3,3,2.25,2.75,2.4,3.0,2.6,Medium,device_securement
fake_user_278,5,3,4,4,2,5,2,5,1,1,5,2,1,3,4,5,4.0,4.5,4.8,4.0,4.33,High,device_securement
fake_user_279,2,3,2,3,3,2,2,1,4,5,3,5,5,3,3,3,2.5,2.5,1.6,3.0,2.4,Low,proactive_awareness
fake_user_280,5,5,5,5,1,5,1,5,1,1,5,1,1,4,5,5,5.0,5.0,5.0,4.67,4.92,High,updating
fake_user_281,2,3,2,2,3,3,3,3,5,3,3,5,5,1,3,3,2.25,3.0,1.8,2.33,2.35,Low,proactive_awareness
fake_user_282,3,2,3,3,5,2,4,2,4,3,3,3,3,1,3,3,2.75,1.75,2.8,2.33,2.41,Low,password_generation
fake_user_283,2,1,3,2,4,3,3,4,5,3,2,3,4,2,2,3,2.0,3.0,2.2,2.33,2.38,Low,device_securement
fake_user_284,5,5,4,5,2,3,1,5,3,1,3,2,1,4,3,4,4.75,4.25,4.0,3.67,4.17,High,updating
fake_user_285,2,4,3,3,2,3,3,3,2,4,3,2,3,4,2,3,3.0,3.25,3.2,3.0,3.11,Medium,device_securement
fake_user_286,1,1,2,1,5,1,5,1,5,4,2,4,5,1,1,1,1.25,1.0,1.6,1.0,1.21,Low,password_generation
fake_user_287,3,2,3,2,4,3,3,3,3,4,3,4,3,1,2,3,2.5,2.75,2.6,2.0,2.46,Low,updating
fake_user_288,1,1,3,2,3,1,4,2,4,2,4,3,3,3,2,2,1.75,2.0,3.2,2.33,2.32,Low,device_securement
fake_user_289,3,4,3,4,1,5,1,3,1,2,4,2,2,4,5,3,3.5,4.5,4.2,4.0,4.05,High,device_securement
fake_user_290,5,5,5,4,2,4,2,3,3,1,3,1,2,5,4,3,4.75,3.75,4.0,4.0,4.12,High,password_generation
fake_user_291,2,2,2,2,3,2,4,2,4,4,1,3,4,2,2,1,2.0,2.25,2.0,1.67,1.98,Low,updating
fake_user_292,3,2,2,1,4,2,4,1,4,5,1,4,5,2,2,1,2.0,1.75,1.4,1.67,1.71,Low,proactive_awareness
fake_user_293,5,5,5,4,2,5,1,5,1,1,4,1,1,5,4,4,4.75,4.75,4.8,4.33,4.66,High,updating
fake_user_294,4,4,4,3,2,5,1,3,2,2,3,3,3,3,4,4,3.75,4.25,3.4,3.67,3.77,High,proactive_awareness
fake_user_295,3,4,2,5,3,3,3,3,4,3,4,2,3,3,4,4,3.5,3.0,3.2,3.67,3.34,Medium,password_generation
fake_user_296,4,4,4,4,3,3,4,4,2,4,3,3,3,3,3,2,4.0,3.0,3.0,2.67,3.17,Medium,updating
fake_user_297,3,2,2,2,5,3,4,2,4,4,2,4,5,1,1,2,2.25,2.0,1.8,1.33,1.84,Low,updating
fake_user_298,5,4,4,5,3,5,1,4,1,1,4,1,2,4,3,5,4.5,4.25,4.6,4.0,4.34,High,updating
fake_user_299,3,3,3,2,3,3,3,3,4,1,3,3,4,3,4,3,2.75,3.0,3.0,3.33,3.02,Medium,device_securement
fake_user_300,5,4,3,4,3,4,2,4,2,1,5,2,2,4,5,4,4.0,3.75,4.4,4.33,4.12,High,password_generation
fake_user_301,3,2,4,3,2,4,3,4,4,4,3,3,2,4,4,4,3.0,3.75,2.8,4.0,3.39,Medium,proactive_awareness
fake_user_302,5,5,4,5,1,5,1,4,2,2,5,3,1,4,5,4,4.75,4.75,4.2,4.33,4.51,High,proactive_awareness
fake_user_303,3,2,2,2,4,2,3,2,4,2,2,4,3,2,2,3,2.25,2.25,2.6,2.33,2.36,Low,device_securement
fake_user_304,4,5,4,5,2,5,2,5,1,1,4,2,1,4,4,4,4.5,4.5,4.6,4.0,4.4,High,updating
fake_user_305,2,2,2,3,4,3,5,1,3,3,1,5,3,2,2,1,2.25,1.75,2.2,1.67,1.97,Low,updating
fake_user_306,3,3,4,3,3,3,3,3,2,4,4,2,2,5,4,3,3.25,3.0,3.6,4.0,3.46,Medium,password_generation
fake_user_307,3,3,3,3,5,2,3,3,4,5,2,4,3,3,3,1,3.0,2.25,2.0,2.33,2.4,Low,proactive_awareness
fake_user_308,3,4,5,4,2,5,2,3,1,2,5,1,1,4,5,4,4.0,4.0,4.8,4.33,4.28,High,device_securement
fake_user_309,2,3,4,3,3,4,2,3,4,3,3,4,4,3,3,3,3.0,3.5,2.4,3.0,2.98,Medium,proactive_awareness
fake_user_310,4,3,5,5,2,4,1,5,2,2,5,2,3,4,4,5,4.25,4.5,4.0,4.33,4.27,High,proactive_awareness
fake_user_311,3,5,3,4,1,4,2,3,2,3,3,3,1,3,4,4,3.75,4.0,3.6,3.67,3.75,High,proactive_awareness
fake_user_312,3,2,3,3,2,2,3,2,2,4,3,2,4,4,2,3,2.75,2.75,3.0,3.0,2.88,Medium,device_securement
fake_user_313,3,1,4,2,3,2,4,3,3,3,2,5,3,2,1,3,2.5,2.5,2.4,2.0,2.35,Low,updating
fake_user_314,2,3,2,1,4,2,3,1,3,3,3,3,4,1,3,1,2.0,2.0,2.8,1.67,2.12,Low,updating
fake_user_315,3,3,3,2,4,4,2,3,3,4,2,3,3,2,3,3,2.75,3.25,2.6,2.67,2.82,Medium,proactive_awareness
fake_user_316,2,2,1,3,3,3,4,3,4,5,2,3,5,2,3,1,2.0,2.75,1.8,2.0,2.14,Low,proactive_awareness
fake_user_317,3,2,2,1,4,3,3,2,5,3,2,4,4,2,3,2,2.0,2.5,2.0,2.33,2.21,Low,device_securement
fake_user_318,1,2,3,2,4,2,5,1,3,5,2,4,4,1,3,2,2.0,1.5,2.0,2.0,1.88,Low,password_generation
fake_user_319,3,2,1,2,2,3,4,2,4,3,3,4,3,3,2,2,2.0,2.75,2.6,2.33,2.42,Low,device_securement
fake_user_320,2,4,3,3,3,4,4,4,4,3,4,2,3,4,2,3,3.0,3.25,3.2,3.0,3.11,Medium,device_securement
fake_user_321,4,5,5,5,1,5,2,5,2,1,4,2,3,4,4,5,4.75,4.75,4.0,4.33,4.46,High,proactive_awareness
fake_user_322,5,5,5,5,1,4,1,4,1,2,5,1,2,5,5,4,5.0,4.5,4.6,4.67,4.69,High,password_generation
fake_user_323,2,2,3,2,5,2,3,2,3,4,3,3,4,2,2,3,2.25,2.0,2.6,2.33,2.29,Low,password_generation
fake_user_324,2,3,3,4,3,3,2,3,3,3,4,2,3,2,4,3,3.0,3.25,3.4,3.0,3.16,Medium,device_securement
fake_user_325,3,3,3,2,3,1,5,2,3,3,3,4,3,2,3,1,2.75,1.75,2.8,2.0,2.33,Low,password_generation
fake_user_326,2,3,4,4,3,4,4,3,3,3,2,3,3,3,4,2,3.25,3.0,2.8,3.0,3.01,Medium,proactive_awareness
fake_user_327,2,4,3,4,4,3,4,4,2,2,4,2,3,2,3,2,3.25,2.75,3.8,2.33,3.03,Medium,updating
fake_user_328,2,5,4,4,3,3,1,2,3,2,4,3,3,2,3,5,3.75,3.25,3.4,3.33,3.43,Medium,password_generation
fake_user_329,3,3,1,2,4,2,4,1,5,3,1,3,3,2,3,2,2.25,1.75,2.2,2.33,2.13,Low,password_generation
fake_user_330,3,2,1,2,5,2,3,3,4,3,2,5,5,3,3,3,2.0,2.25,1.8,3.0,2.26,Low,proactive_awareness
fake_user_331,3,2,2,3,2,2,4,3,4,3,4,2,2,2,4,3,2.5,2.75,3.4,3.0,2.91,Medium,device_securement
fake_user_332,4,3,3,5,1,4,2,3,3,1,4,2,1,5,5,5,3.75,4.0,4.2,5.0,4.24,High,device_securement
fake_user_333,3,2,3,3,2,3,2,2,3,2,2,4,4,4,4,4,2.75,3.25,2.6,4.0,3.15,Medium,proactive_awareness
fake_user_334,2,2,2,2,4,4,2,2,3,3,3,4,3,3,4,3,2.0,3.0,2.8,3.33,2.78,Medium,device_securement
fake_user_335,3,3,4,4,2,3,2,4,3,3,4,3,2,3,3,3,3.5,3.75,3.4,3.0,3.41,Medium,updating
fake_user_336,2,3,2,4,4,3,4,2,2,3,4,4,3,2,2,3,2.75,2.25,3.2,2.33,2.63,Medium,password_generation
fake_user_337,4,4,5,3,2,5,1,3,2,1,5,1,3,5,4,5,4.0,4.25,4.4,4.67,4.33,High,device_securement
fake_user_338,2,3,3,3,4,2,4,3,2,3,2,3,2,3,2,3,2.75,2.25,3.2,2.67,2.72,Medium,password_generation
fake_user_339,1,2,2,3,5,2,4,2,4,4,1,5,5,2,3,2,2.0,1.75,1.4,2.33,1.87,Low,proactive_awareness
fake_user_340,3,3,2,2,2,3,4,2,2,2,3,3,3,2,4,2,2.5,2.75,3.4,2.67,2.83,Medium,device_securement
fake_user_341,4,4,4,3,3,3,1,4,2,3,5,2,1,3,2,4,3.75,3.75,4.2,3.0,3.67,High,updating
fake_user_342,4,5,3,5,2,3,3,3,1,3,4,1,3,4,5,4,4.25,3.25,4.0,4.33,3.96,High,password_generation
fake_user_343,4,5,4,3,2,3,4,5,2,3,5,3,3,4,3,4,4.0,3.5,3.6,3.67,3.69,High,password_generation
fake_user_344,3,3,4,4,2,4,3,2,2,2,3,3,2,3,3,4,3.5,3.25,3.6,3.33,3.42,Medium,password_generation
fake_user_345,1,1,1,1,5,2,4,1,5,5,1,4,5,1,2,1,1.0,1.5,1.2,1.33,1.26,Low,device_securement
fake_user_346,4,3,4,3,2,4,3,4,3,3,4,3,1,4,3,3,3.5,3.75,3.6,3.33,3.54,High,updating
fake_user_347,4,4,3,2,2,2,2,3,2,2,3,4,4,4,4,3,3.25,3.25,3.0,3.67,3.29,Medium,proactive_awareness
fake_user_348,4,5,4,3,1,3,3,3,2,2,4,3,2,4,3,5,4.0,3.5,3.8,4.0,3.83,High,password_generation
fake_user_349,3,2,3,1,4,2,3,2,4,4,3,4,5,1,3,2,2.25,2.25,2.0,2.0,2.12,Low,proactive_awareness
fake_user_350,2,3,3,4,3,4,2,3,4,4,3,3,4,4,2,3,3.0,3.5,2.4,3.0,2.98,Medium,proactive_awareness
fake_user_351,2,2,3,3,3,3,5,3,3,4,2,4,3,1,2,1,2.5,2.5,2.4,1.33,2.18,Low,updating
fake_user_352,4,3,2,2,3,4,4,4,2,3,3,4,4,3,3,4,2.75,3.25,2.8,3.33,3.03,Medium,device_securement
fake_user_353,3,2,2,4,3,3,2,4,3,3,4,2,2,3,4,4,2.75,3.5,3.6,3.67,3.38,Medium,device_securement
fake_user_354,3,3,3,4,3,3,3,3,3,2,3,3,3,4,3,3,3.25,3.0,3.2,3.33,3.2,Medium,password_generation
fake_user_355,4,5,5,4,2,4,3,4,2,1,3,2,2,4,3,4,4.5,3.75,4.0,3.67,3.98,High,updating
fake_user_356,2,1,2,1,5,1,5,1,5,4,2,4,4,2,2,1,1.5,1.0,1.8,1.67,1.49,Low,password_generation
fake_user_357,2,2,2,2,3,1,5,2,4,4,1,4,4,2,2,2,2.0,1.75,1.8,2.0,1.89,Low,password_generation
fake_user_358,2,2,2,1,5,2,5,1,5,4,2,5,5,2,1,2,1.75,1.25,1.4,1.67,1.52,Low,password_generation
fake_user_359,4,3,3,3,3,2,4,4,3,3,4,4,2,2,3,3,3.25,2.75,3.2,2.67,2.97,Medium,updating
fake_user_360,1,2,2,2,4,2,4,1,5,3,2,3,3,2,1,3,1.75,1.75,2.4,2.0,1.98,Low,device_securement
fake_user_361,3,5,5,4,2,5,1,3,3,1,4,2,1,4,4,4,4.25,4.25,4.2,4.0,4.17,High,updating
fake_user_362,3,3,5,5,3,5,2,4,3,2,4,3,2,5,4,3,4.0,4.0,3.6,4.0,3.9,High,proactive_awareness
fake_user_363,1,1,2,2,5,1,4,3,3,3,1,5,4,1,1,1,1.5,1.75,2.0,1.0,1.56,Low,updating
fake_user_364,5,4,5,4,2,4,2,4,2,3,5,2,1,4,5,4,4.5,4.0,4.2,4.33,4.26,High,password_generation
fake_user_365,3,4,3,3,2,4,2,4,3,2,4,3,3,4,4,4,3.25,4.0,3.4,4.0,3.66,High,device_securement
fake_user_366,4,2,5,3,2,4,4,4,2,4,2,2,4,2,4,3,3.5,3.5,2.8,3.0,3.2,Medium,proactive_awareness
fake_user_367,2,3,2,3,5,3,5,1,4,3,1,4,5,3,3,2,2.5,1.5,1.8,2.67,2.12,Low,password_generation
fake_user_368,3,3,3,3,4,2,4,3,4,4,2,4,4,3,2,2,3.0,2.25,2.0,2.33,2.4,Low,proactive_awareness
fake_user_369,4,3,3,4,2,3,1,4,2,2,5,3,2,3,5,3,3.5,4.0,4.0,3.67,3.79,High,device_securement
fake_user_370,5,4,5,5,2,4,2,5,1,2,4,3,1,3,4,4,4.75,4.25,4.2,3.67,4.22,High,updating
fake_user_371,4,4,4,3,2,3,3,2,2,3,2,2,2,4,3,4,3.75,3.0,3.4,3.67,3.46,Medium,password_generation
fake_user_372,4,3,4,3,2,3,3,3,4,3,3,3,2,3,2,3,3.5,3.25,3.0,2.67,3.1,Medium,updating
fake_user_373,5,4,4,4,2,5,1,4,1,1,5,2,2,5,5,4,4.25,4.5,4.6,4.67,4.5,High,device_securement
fake_user_374,3,5,2,4,3,3,3,4,2,4,2,3,2,4,3,4,3.5,3.25,3.0,3.67,3.35,Medium,proactive_awareness
fake_user_375,2,3,4,4,3,3,2,3,2,3,3,2,3,3,2,4,3.25,3.25,3.4,3.0,3.23,Medium,updating
fake_user_376,3,3,2,2,3,2,4,2,3,2,4,5,4,3,4,2,2.5,2.25,2.8,3.0,2.64,Medium,password_generation
fake_user_377,4,5,4,3,2,3,1,4,2,1,4,2,1,4,4,5,4.0,4.0,4.4,4.33,4.18,High,device_securement
fake_user_378,3,2,3,2,4,1,3,2,4,4,2,5,5,3,2,2,2.5,2.0,1.6,2.33,2.11,Low,proactive_awareness
fake_user_379,1,2,3,3,3,3,3,2,3,4,2,5,5,2,2,2,2.25,2.75,1.8,2.0,2.2,Low,proactive_awareness
fake_user_380,5,4,5,5,1,4,2,5,2,1,5,2,2,4,4,5,4.75,4.5,4.4,4.33,4.5,High,updating
fake_user_381,3,4,3,3,2,2,2,3,3,3,3,3,3,3,3,3,3.25,3.25,3.0,3.0,3.12,Medium,proactive_awareness
fake_user_382,4,4,3,4,4,3,3,4,3,2,2,2,3,3,2,3,3.75,3.0,3.2,2.67,3.16,Medium,updating
fake_user_383,5,5,4,4,2,5,3,3,1,2,3,1,3,5,5,4,4.5,3.75,4.0,4.67,4.23,High,password_generation
fake_user_384,4,4,3,4,3,4,3,3,2,2,4,4,2,3,4,3,3.75,3.25,3.6,3.33,3.48,Medium,password_generation
fake_user_385,4,4,3,4,2,4,2,5,3,2,3,3,2,3,3,3,3.75,4.25,3.4,3.0,3.6,High,updating
fake_user_386,2,2,4,2,3,2,3,1,3,3,2,3,3,3,2,2,2.5,2.25,2.8,2.33,2.47,Low,password_generation
fake_user_387,4,3,5,4,2,3,3,4,3,2,4,3,1,5,4,3,4.0,3.5,3.8,4.0,3.83,High,password_generation
fake_user_388,5,4,3,5,3,3,3,5,2,2,3,2,1,5,3,5,4.25,3.5,4.0,4.33,4.02,High,password_generation
fake_user_389,4,4,3,4,2,4,3,4,3,3,3,3,2,4,4,5,3.75,3.75,3.2,4.33,3.76,High,proactive_awareness
fake_user_390,4,3,4,4,2,4,3,3,3,2,3,3,2,3,4,4,3.75,3.5,3.4,3.67,3.58,High,proactive_awareness
fake_user_391,3,1,1,1,5,3,4,2,3,4,3,5,5,3,3,3,1.5,2.0,2.0,3.0,2.12,Low,device_securement
fake_user_392,2,2,2,2,4,3,3,2,4,3,2,4,5,2,3,2,2.0,2.5,2.0,2.33,2.21,Low,device_securement
fake_user_393,2,3,4,2,3,3,2,4,3,2,3,3,4,4,3,2,2.75,3.5,3.0,3.0,3.06,Medium,device_securement
fake_user_394,1,2,1,2,4,1,3,3,5,3,3,5,3,2,3,1,1.5,2.25,2.2,2.0,1.99,Low,device_securement
fake_user_395,4,3,3,3,4,3,4,2,3,3,3,3,4,4,2,2,3.25,2.25,2.8,2.67,2.74,Medium,password_generation
fake_user_396,4,5,4,4,2,4,2,4,2,2,4,2,2,3,3,3,4.25,4.0,4.0,3.0,3.81,High,updating
fake_user_397,4,5,4,3,1,4,2,5,2,2,4,1,2,3,5,5,4.0,4.5,4.2,4.33,4.26,High,device_securement
fake_user_398,3,4,3,2,3,2,3,3,4,3,3,2,2,4,4,3,3.0,2.75,3.2,3.67,3.16,Medium,password_generation
fake_user_399,2,1,2,2,4,1,5,2,5,4,1,5,4,2,2,1,1.75,1.5,1.4,1.67,1.58,Low,proactive_awareness
fake_user_400,2,1,1,1,3,1,4,1,4,3,3,3,4,1,2,1,1.25,1.75,2.6,1.33,1.73,Low,device_securement
fake_user_401,2,3,3,4,2,4,4,4,2,4,2,4,3,3,3,2,3.0,3.5,2.6,2.67,2.94,Medium,proactive_awareness
fake_user_402,3,4,4,2,3,2,4,3,3,3,4,4,3,3,4,3,3.25,2.5,3.0,3.33,3.02,Medium,password_generation
fake_user_403,1,2,2,2,3,2,3,3,3,4,3,3,4,4,2,2,1.75,2.75,2.6,2.67,2.44,Low,device_securement
fake_user_404,4,4,4,4,2,4,2,4,3,3,4,3,2,3,4,4,4.0,4.0,3.4,3.67,3.77,High,proactive_awareness
fake_user_405,4,3,4,2,3,4,2,2,3,3,4,3,2,3,4,4,3.25,3.25,3.4,3.67,3.39,Medium,device_securement
fake_user_406,2,4,2,4,4,4,4,3,4,3,4,2,2,4,3,2,3.0,2.75,3.4,3.0,3.04,Medium,password_generation
fake_user_407,3,2,3,4,3,3,3,4,3,3,5,3,2,4,2,2,3.0,3.25,3.6,2.67,3.13,Medium,updating
fake_user_408,3,3,3,2,3,4,3,3,4,2,3,2,4,2,3,4,2.75,3.25,3.0,3.0,3.0,Medium,device_securement
fake_user_409,3,2,1,1,5,2,4,1,4,4,1,4,5,2,2,2,1.75,1.5,1.6,2.0,1.71,Low,password_generation
fake_user_410,5,5,5,5,2,3,4,3,3,3,4,2,3,5,4,3,5.0,3.0,3.4,4.0,3.85,High,password_generation
fake_user_411,2,1,1,2,3,3,5,2,3,4,1,5,4,1,2,1,1.5,2.25,1.8,1.33,1.72,Low,updating
fake_user_412,3,2,2,4,4,3,4,2,4,4,3,3,3,2,2,2,2.75,2.25,2.6,2.0,2.4,Low,updating
fake_user_413,4,3,4,5,2,5,1,4,1,2,4,2,2,3,4,5,4.0,4.5,4.2,4.0,4.17,High,device_securement
fake_user_414,4,4,4,2,4,2,3,4,3,3,4,3,3,3,3,3,3.5,2.75,3.2,3.0,3.11,Medium,password_generation
fake_user_415,4,3,3,2,2,3,4,2,2,3,4,2,2,3,4,2,3.0,2.75,3.8,3.0,3.14,Medium,password_generation
fake_user_416,3,3,4,5,3,4,3,3,1,2,3,3,2,4,3,2,3.75,3.25,3.8,3.0,3.45,Medium,updating
fake_user_417,3,2,3,3,4,1,3,1,3,5,2,5,5,2,3,3,2.75,1.75,1.6,2.67,2.19,Low,proactive_awareness
fake_user_418,3,4,2,3,3,3,2,4,3,3,2,3,3,3,5,4,3.0,3.5,2.8,4.0,3.33,Medium,proactive_awareness
fake_user_419,3,4,5,3,3,5,1,3,2,3,3,2,3,4,4,3,3.75,4.0,3.4,3.67,3.71,High,proactive_awareness
fake_user_420,3,1,2,1,4,2,4,1,4,5,2,3,4,2,1,2,1.75,1.75,2.0,1.67,1.79,Low,updating
fake_user_421,3,3,2,2,4,2,5,3,4,3,2,5,4,2,2,2,2.5,2.0,2.0,2.0,2.12,Low,password_generation
fake_user_422,4,4,3,4,4,4,1,4,2,2,3,2,3,5,3,4,3.75,3.75,3.6,4.0,3.77,High,proactive_awareness
fake_user_423,2,2,1,2,5,1,4,1,5,5,1,4,5,2,2,2,1.75,1.25,1.2,2.0,1.55,Low,proactive_awareness
fake_user_424,3,4,3,3,3,3,2,3,2,2,4,2,2,5,4,3,3.25,3.25,4.0,4.0,3.62,High,device_securement
fake_user_425,2,3,2,3,2,3,2,2,3,4,3,3,3,2,3,2,2.5,3.25,2.8,2.33,2.72,Medium,updating
fake_user_426,2,4,3,4,4,2,2,3,3,3,4,3,3,3,3,3,3.25,2.75,3.2,3.0,3.05,Medium,password_generation
fake_user_427,2,2,3,2,2,4,2,3,2,4,4,4,3,3,2,3,2.25,3.75,3.0,2.67,2.92,Medium,device_securement
fake_user_428,3,2,2,3,4,2,4,4,4,4,3,4,4,2,3,2,2.5,2.5,2.2,2.33,2.38,Low,proactive_awareness
fake_user_429,3,1,2,2,5,1,3,2,5,4,3,5,3,3,3,3,2.0,1.75,2.0,3.0,2.19,Low,password_generation
fake_user_430,2,2,2,1,5,3,4,1,5,4,2,4,4,1,2,3,1.75,1.75,1.8,2.0,1.82,Low,device_securement
fake_user_431,5,4,5,5,1,5,1,4,1,1,5,2,2,5,5,5,4.75,4.75,4.6,5.0,4.78,High,proactive_awareness
fake_user_432,4,3,3,3,2,3,2,3,3,3,4,2,3,3,3,3,3.25,3.5,3.4,3.0,3.29,Medium,updating
fake_user_433,5,3,5,5,3,4,2,5,2,2,4,3,1,5,5,3,4.5,4.0,4.0,4.33,4.21,High,password_generation
fake_user_434,2,3,3,3,4,4,4,2,3,4,1,3,4,2,2,3,2.75,2.5,2.2,2.33,2.45,Low,proactive_awareness
fake_user_435,3,3,3,2,4,2,3,2,3,3,3,2,4,3,3,2,2.75,2.25,3.0,2.67,2.67,Medium,password_generation
fake_user_436,4,2,4,2,3,2,2,2,4,2,4,3,4,2,4,4,3.0,2.75,3.0,3.33,3.02,Medium,password_generation
fake_user_437,4,4,3,3,2,3,2,3,3,4,2,2,3,3,2,4,3.5,3.5,2.8,3.0,3.2,Medium,proactive_awareness
fake_user_438,2,3,2,1,4,3,4,2,5,5,1,4,4,1,3,2,2.0,2.25,1.4,2.0,1.91,Low,proactive_awareness
fake_user_439,4,5,3,5,2,3,2,3,3,4,4,3,2,3,3,4,4.25,3.5,3.2,3.33,3.57,High,proactive_awareness
fake_user_440,4,2,3,2,3,4,4,3,2,4,3,3,2,4,3,3,2.75,3.0,3.2,3.33,3.07,Medium,device_securement
fake_user_441,1,3,2,3,4,2,4,1,5,5,2,5,4,2,3,3,2.25,1.75,1.4,2.67,2.02,Low,proactive_awareness
fake_user_442,3,5,3,5,1,4,2,3,1,2,5,2,3,3,4,5,4.0,4.0,4.2,4.0,4.05,High,device_securement
fake_user_443,1,2,2,3,4,2,4,1,4,4,2,3,4,2,2,1,2.0,1.75,2.2,1.67,1.91,Low,updating
fake_user_444,3,3,3,4,3,3,3,3,3,1,3,3,3,4,3,3,3.25,3.0,3.4,3.33,3.25,Medium,password_generation
fake_user_445,3,4,5,4,1,3,2,5,1,2,4,2,2,5,4,4,4.0,4.25,4.2,4.33,4.2,High,device_securement
fake_user_446,3,2,3,4,4,2,3,4,3,2,4,4,3,4,4,2,3.0,2.75,3.2,3.33,3.07,Medium,password_generation
fake_user_447,3,1,1,1,3,3,5,3,3,5,3,4,4,2,2,3,1.5,2.5,2.2,2.33,2.13,Low,device_securement
fake_user_448,2,4,4,3,3,3,2,4,2,1,2,3,2,4,2,4,3.25,3.5,3.6,3.33,3.42,Medium,device_securement
fake_user_449,3,4,4,3,2,4,3,2,2,2,4,1,2,4,4,3,3.5,3.25,4.2,3.67,3.66,High,password_generation
fake_user_450,2,2,2,3,4,2,3,3,4,3,2,4,4,4,4,3,2.25,2.5,2.2,3.67,2.66,Medium,proactive_awareness
fake_user_451,3,3,4,3,3,4,3,5,2,2,4,2,2,4,4,3,3.25,3.75,4.0,3.67,3.67,High,device_securement
fake_user_452,5,4,3,4,3,5,2,5,2,3,5,2,1,5,3,5,4.0,4.25,4.2,4.33,4.2,High,device_securement
fake_user_453,3,2,3,2,4,2,3,2,4,3,2,3,4,3,2,3,2.5,2.25,2.4,2.67,2.46,Low,password_generation
fake_user_454,3,2,3,3,5,3,3,3,3,4,3,2,3,2,3,3,2.75,2.5,3.0,2.67,2.73,Medium,password_generation
fake_user_455,1,3,2,3,5,1,4,2,3,3,3,4,5,1,1,2,2.25,1.5,2.4,1.33,1.87,Low,updating
fake_user_456,4,5,5,5,1,5,1,4,1,1,5,1,3,5,5,4,4.75,4.75,4.6,4.67,4.69,High,proactive_awareness
fake_user_457,2,4,4,4,3,3,2,3,2,2,4,3,3,4,2,4,3.5,3.25,3.6,3.33,3.42,Medium,password_generation
fake_user_458,2,3,1,2,3,3,5,3,3,4,1,3,5,1,3,1,2.0,2.5,2.0,1.67,2.04,Low,updating
fake_user_459,3,2,4,3,2,3,3,2,3,3,3,3,4,3,2,2,3.0,3.0,2.8,2.33,2.78,Medium,updating
fake_user_460,4,4,4,3,1,4,2,4,1,2,4,2,3,3,3,3,3.75,4.25,4.0,3.0,3.75,High,updating
fake_user_461,3,2,4,3,4,3,4,3,3,2,2,3,2,3,2,4,3.0,2.5,3.2,3.0,2.92,Medium,password_generation
fake_user_462,2,3,2,3,3,3,3,3,3,2,3,4,2,2,3,2,2.5,3.0,3.2,2.33,2.76,Medium,updating
fake_user_463,2,4,4,3,4,2,3,2,3,4,3,4,2,2,4,2,3.25,2.25,2.8,2.67,2.74,Medium,password_generation
fake_user_464,4,5,5,5,1,4,1,4,2,1,5,3,2,5,3,4,4.75,4.5,4.2,4.0,4.36,High,updating
fake_user_465,4,3,4,3,2,4,3,3,2,1,3,1,3,3,5,5,3.5,3.5,4.0,4.33,3.83,High,device_securement
fake_user_466,3,3,3,3,4,2,2,2,5,3,3,3,4,2,3,3,3.0,2.5,2.4,2.67,2.64,Medium,proactive_awareness
fake_user_467,3,4,4,3,3,3,3,4,1,3,5,3,1,5,3,3,3.5,3.25,4.2,3.67,3.66,High,password_generation
fake_user_468,4,4,4,4,1,4,3,5,3,3,4,3,3,4,3,4,4.0,4.25,3.2,3.67,3.78,High,proactive_awareness
fake_user_469,3,3,1,2,5,3,4,3,4,4,2,4,4,1,2,1,2.25,2.25,2.0,1.33,1.96,Low,updating
fake_user_470,3,2,2,2,4,3,4,2,3,3,2,3,4,2,2,2,2.25,2.25,2.6,2.0,2.27,Low,updating
fake_user_471,1,3,2,1,5,2,4,2,4,5,2,5,4,2,2,1,1.75,1.75,1.6,1.67,1.69,Low,proactive_awareness
fake_user_472,4,5,3,4,2,4,2,5,1,2,5,3,2,5,5,3,4.0,4.25,4.2,4.33,4.2,High,device_securement
fake_user_473,4,3,3,5,3,3,4,2,3,3,5,2,3,4,5,4,3.75,2.5,3.6,4.33,3.54,High,password_generation
fake_user_474,3,1,2,1,3,1,4,2,4,4,1,3,5,2,3,1,1.75,2.0,1.8,2.0,1.89,Low,device_securement
fake_user_475,1,1,1,1,5,1,5,2,4,4,1,4,4,1,1,2,1.0,1.25,1.8,1.33,1.34,Low,device_securement
fake_user_476,4,5,4,5,2,3,3,4,1,3,4,2,3,3,4,3,4.5,3.5,3.8,3.33,3.78,High,updating
fake_user_477,3,2,3,3,3,2,2,3,3,4,3,3,3,3,4,2,2.75,3.0,2.8,3.0,2.89,Medium,device_securement
fake_user_478,2,1,3,1,3,3,4,2,3,5,2,5,5,3,2,1,1.75,2.5,1.6,2.0,1.96,Low,proactive_awareness
fake_user_479,3,2,2,3,5,2,3,1,5,4,2,4,4,2,1,3,2.5,1.75,1.8,2.0,2.01,Low,password_generation
fake_user_480,1,2,2,2,5,2,5,2,4,3,1,5,5,1,3,2,1.75,1.5,1.6,2.0,1.71,Low,password_generation
fake_user_481,1,3,2,3,5,1,3,3,4,5,2,5,5,3,3,1,2.25,2.0,1.4,2.33,2.0,Low,proactive_awareness
fake_user_482,2,3,2,3,4,1,4,1,3,4,2,4,5,3,3,3,2.5,1.5,2.0,3.0,2.25,Low,password_generation
fake_user_483,3,3,3,4,2,4,2,4,3,3,3,4,2,4,3,3,3.25,4.0,3.0,3.33,3.4,Medium,proactive_awareness
fake_user_484,4,5,5,5,2,5,1,4,1,1,4,1,1,4,4,5,4.75,4.5,4.8,4.33,4.59,High,updating
fake_user_485,3,4,3,3,1,4,2,4,3,2,4,2,2,4,3,5,3.25,4.25,3.8,4.0,3.83,High,device_securement
fake_user_486,2,1,1,1,3,2,4,2,5,4,2,5,3,2,2,2,1.25,2.25,1.8,2.0,1.82,Low,device_securement
fake_user_487,2,3,2,4,2,2,2,2,3,3,4,3,3,3,2,3,2.75,3.0,3.2,2.67,2.91,Medium,updating
fake_user_488,1,1,2,1,5,1,4,2,4,5,1,4,5,1,1,2,1.25,1.5,1.4,1.33,1.37,Low,device_securement
fake_user_489,1,1,1,1,5,2,5,1,5,5,2,5,5,1,2,1,1.0,1.25,1.2,1.33,1.2,Low,device_securement
fake_user_490,1,1,3,3,5,2,4,1,4,4,1,5,4,2,1,3,2.0,1.5,1.6,2.0,1.77,Low,password_generation
fake_user_491,1,1,2,1,5,1,4,1,4,5,1,4,5,2,2,2,1.25,1.25,1.4,2.0,1.48,Low,device_securement
fake_user_492,4,4,4,5,2,4,1,5,2,2,5,1,1,4,3,4,4.25,4.5,4.6,3.67,4.25,High,updating
fake_user_493,1,2,2,1,4,1,5,2,4,4,2,4,4,2,2,1,1.5,1.5,2.0,1.67,1.67,Low,device_securement
fake_user_494,3,2,1,1,3,3,4,3,3,3,2,5,3,3,1,1,1.75,2.75,2.4,1.67,2.14,Low,updating
fake_user_495,4,2,3,3,2,4,3,4,3,2,4,2,2,4,4,4,3.0,3.75,3.8,4.0,3.64,High,device_securement
fake_user_496,3,1,2,3,3,3,4,3,5,5,1,4,3,2,1,1,2.25,2.75,1.6,1.33,1.98,Low,updating
fake_user_497,1,2,2,1,4,1,4,2,5,5,3,5,3,3,3,1,1.5,1.75,1.8,2.33,1.84,Low,device_securement
fake_user_498,5,5,3,4,1,5,1,3,2,3,4,1,3,5,5,4,4.25,4.5,3.8,4.67,4.3,High,proactive_awareness
fake_user_499,4,3,3,4,1,3,3,3,2,1,3,3,2,4,3,4,3.5,3.5,3.8,3.67,3.62,High,device_securement
fake_user_500,4,3,4,4,3,3,2,3,3,3,4,3,2,2,3,4,3.75,3.25,3.4,3.0,3.35,Medium,updating
